timestamp,sensor,temperatura
2026-09-29T09:00:00,sensor_A,24.42
2026-09-29T09:00:00,sensor_B,24.31
2026-09-29T09:00:00,sensor_C,24.55
2026-09-29T09:00:02,sensor_A,27.81
2026-09-29T09:00:02,sensor_B,24.49
2026-09-29T09:00:02,sensor_C,19.01
2026-09-29T09:00:04,sensor_A,26.33
2026-09-29T09:00:04,sensor_B,23.93
2026-09-29T09:00:04,sensor_C,24.13
2026-09-29T09:00:06,sensor_A,25.46
2026-09-29T09:00:06,sensor_B,25.93
2026-09-29T09:00:06,sensor_C,29.65
2026-09-29T09:00:08,sensor_A,27.63
2026-09-29T09:00:08,sensor_B,25.44
2026-09-29T09:00:08,sensor_C,22.05
2026-09-29T09:00:10,sensor_A,20.94
2026-09-29T09:00:10,sensor_B,25.99
2026-09-29T09:00:10,sensor_C,30.24
2026-09-29T09:00:12,sensor_A,25.17
2026-09-29T09:00:12,sensor_B,24.57
2026-09-29T09:00:12,sensor_C,27.13
2026-09-29T09:00:14,sensor_A,19.19
2026-09-29T09:00:14,sensor_B,23.75
2026-09-29T09:00:14,sensor_C,26.96
2026-09-29T09:00:16,sensor_A,28.49
2026-09-29T09:00:16,sensor_B,24.04
2026-09-29T09:00:16,sensor_C,26.51
2026-09-29T09:00:18,sensor_A,25.99
2026-09-29T09:00:18,sensor_B,28.13
2026-09-29T09:00:18,sensor_C,20.55
2026-09-29T09:00:20,sensor_A,27.27
2026-09-29T09:00:20,sensor_B,18.94
2026-09-29T09:00:20,sensor_C,14.52
2026-09-29T09:00:22,sensor_A,22.57
2026-09-29T09:00:22,sensor_B,21.34
2026-09-29T09:00:22,sensor_C,28.5
2026-09-29T09:00:24,sensor_A,27.66
2026-09-29T09:00:24,sensor_B,20.12
2026-09-29T09:00:24,sensor_C,28.39
2026-09-29T09:00:26,sensor_A,20.99
2026-09-29T09:00:26,sensor_B,24.66
2026-09-29T09:00:26,sensor_C,23.82
2026-09-29T09:00:28,sensor_A,25.46
2026-09-29T09:00:28,sensor_B,28.27
2026-09-29T09:00:28,sensor_C,27.55
2026-09-29T09:00:30,sensor_A,26.4
2026-09-29T09:00:30,sensor_B,27.6
2026-09-29T09:00:30,sensor_C,26.91
2026-09-29T09:00:32,sensor_A,22.49
2026-09-29T09:00:32,sensor_B,22.13
2026-09-29T09:00:32,sensor_C,23.12
2026-09-29T09:00:34,sensor_A,27.0
2026-09-29T09:00:34,sensor_B,24.0
2026-09-29T09:00:34,sensor_C,34.34
2026-09-29T09:00:36,sensor_A,21.72
2026-09-29T09:00:36,sensor_B,20.6
2026-09-29T09:00:36,sensor_C,28.07
2026-09-29T09:00:38,sensor_A,30.69
2026-09-29T09:00:38,sensor_B,27.02
2026-09-29T09:00:38,sensor_C,28.34
2026-09-29T09:00:40,sensor_A,30.71
2026-09-29T09:00:40,sensor_B,24.62
2026-09-29T09:00:40,sensor_C,19.31
2026-09-29T09:00:42,sensor_A,22.87
2026-09-29T09:00:42,sensor_B,28.81
2026-09-29T09:00:42,sensor_C,19.23
2026-09-29T09:00:44,sensor_A,25.13
2026-09-29T09:00:44,sensor_B,26.01
2026-09-29T09:00:44,sensor_C,23.74
2026-09-29T09:00:46,sensor_A,27.89
2026-09-29T09:00:46,sensor_B,27.32
2026-09-29T09:00:46,sensor_C,34.29
2026-09-29T09:00:48,sensor_A,27.48
2026-09-29T09:00:48,sensor_B,22.56
2026-09-29T09:00:48,sensor_C,22.75
2026-09-29T09:00:50,sensor_A,21.67
2026-09-29T09:00:50,sensor_B,28.81
2026-09-29T09:00:50,sensor_C,22.73
2026-09-29T09:00:52,sensor_A,24.72
2026-09-29T09:00:52,sensor_B,28.0
2026-09-29T09:00:52,sensor_C,22.11
2026-09-29T09:00:54,sensor_A,23.83
2026-09-29T09:00:54,sensor_B,17.63
2026-09-29T09:00:54,sensor_C,20.67
2026-09-29T09:00:56,sensor_A,22.73
2026-09-29T09:00:56,sensor_B,26.66
2026-09-29T09:00:56,sensor_C,29.77
2026-09-29T09:00:58,sensor_A,24.93
2026-09-29T09:00:58,sensor_B,26.05
2026-09-29T09:00:58,sensor_C,25.67
